title,adventurer_level,level_order,source_scope,source_page,source_url,image_url,reason
Los ABC,Corderito (preescolar),preescolar,División Norteamericana,https://www.guiasmayores.com/especialidades-de-corderitos.html,https://www.guiasmayores.com/uploads/1/1/3/1/1131412/dna-los_abc.pdf,https://www.guiasmayores.com/uploads/1/1/3/1/1131412/abc_orig.png,Sección regional: División Norteamericana
Colores,Corderito (preescolar),preescolar,División Norteamericana,https://www.guiasmayores.com/especialidades-de-corderitos.html,https://www.guiasmayores.com/uploads/1/1/3/1/1131412/dna-colores.pdf,https://www.guiasmayores.com/uploads/1/1/3/1/1131412/colores_orig.png,Sección regional: División Norteamericana
Compartir,Corderito (preescolar),preescolar,División Norteamericana,https://www.guiasmayores.com/especialidades-de-corderitos.html,https://www.guiasmayores.com/uploads/1/1/3/1/1131412/aventureros_compartir.pdf,https://www.guiasmayores.com/uploads/1/1/3/1/1131412/compartir_orig.png,Sección regional: División Norteamericana
Cuerpos de agua,Corderito (preescolar),preescolar,División Norteamericana,https://www.guiasmayores.com/especialidades-de-corderitos.html,https://www.guiasmayores.com/uploads/1/1/3/1/1131412/aventureros_cuerpos_de_agua.pdf,https://www.guiasmayores.com/uploads/1/1/3/1/1131412/cuerpos-de-agua_orig.png,Sección regional: División Norteamericana
Mi amigo Jesús,Corderito (preescolar),preescolar,División Norteamericana,https://www.guiasmayores.com/especialidades-de-corderitos.html,https://www.guiasmayores.com/uploads/1/1/3/1/1131412/aventureros_mi_amigo_jesús.pdf,https://www.guiasmayores.com/uploads/1/1/3/1/1131412/amigo-jes-s_orig.png,Sección regional: División Norteamericana
El niño Jesús,Corderito (preescolar),preescolar,División Norteamericana,https://www.guiasmayores.com/especialidades-de-corderitos.html,https://www.guiasmayores.com/uploads/1/1/3/1/1131412/aventureros_el_niño_jesús.pdf,https://www.guiasmayores.com/uploads/1/1/3/1/1131412/ni-o-jes-s_orig.png,Sección regional: División Norteamericana
Números,Corderito (preescolar),preescolar,División Norteamericana,https://www.guiasmayores.com/especialidades-de-corderitos.html,https://www.guiasmayores.com/uploads/1/1/3/1/1131412/dna-números.pdf,https://www.guiasmayores.com/uploads/1/1/3/1/1131412/n-meros_orig.png,Sección regional: División Norteamericana
Triciclios y bicicletas,Corderito (preescolar),preescolar,División Norteamericana,https://www.guiasmayores.com/especialidades-de-corderitos.html,https://www.guiasmayores.com/uploads/1/1/3/1/1131412/dna-triciclos_y_bicicletas.pdf,https://www.guiasmayores.com/uploads/1/1/3/1/1131412/triciclos_orig.png,Sección regional: División Norteamericana
Recaudación de fondos para ADRA,Corderito (preescolar),preescolar,Unión Británica,https://www.guiasmayores.com/especialidades-de-corderitos.html,https://www.guiasmayores.com/uploads/1/1/3/1/1131412/ub_-_recaudación_de_fondos_para_adra__estrellita_.pdf,https://www.guiasmayores.com/uploads/1/1/3/1/1131412/estrellita-adra_orig.png,Sección regional: Unión Británica
El alfabeto,Corderito (preescolar),preescolar,Asociación de Florida,https://www.guiasmayores.com/especialidades-de-corderitos.html,https://www.guiasmayores.com/uploads/1/1/3/1/1131412/estrellita-fl_el_alfabeto.pdf,https://www.guiasmayores.com/uploads/1/1/3/1/1131412/542398.png,Sección regional: Asociación de Florida
Amigos de la Biblia,Corderito (preescolar),preescolar,Asociación de Florida,https://www.guiasmayores.com/especialidades-de-corderitos.html,https://www.guiasmayores.com/uploads/1/1/3/1/1131412/estrellita-fl_amigos_de_la_biblia.pdf,https://www.guiasmayores.com/uploads/1/1/3/1/1131412/3519133.gif?131,Sección regional: Asociación de Florida
Amigos vecinos,Corderito (preescolar),preescolar,Asociación de Florida,https://www.guiasmayores.com/especialidades-de-corderitos.html,https://www.guiasmayores.com/uploads/1/1/3/1/1131412/fl_-_amigos_vecinos.pdf,https://www.guiasmayores.com/uploads/1/1/3/1/1131412/9816879.png,Sección regional: Asociación de Florida
Calcomanías,Corderito (preescolar),preescolar,Asociación de Florida,https://www.guiasmayores.com/especialidades-de-corderitos.html,https://www.guiasmayores.com/uploads/1/1/3/1/1131412/estrellita-fl_calcomanías.pdf,https://www.guiasmayores.com/uploads/1/1/3/1/1131412/47124.png,Sección regional: Asociación de Florida
La cocina,Corderito (preescolar),preescolar,Asociación de Florida,https://www.guiasmayores.com/especialidades-de-corderitos.html,https://www.guiasmayores.com/uploads/1/1/3/1/1131412/estrellita-fl_la_cocina.pdf,https://www.guiasmayores.com/uploads/1/1/3/1/1131412/4074172.png,Sección regional: Asociación de Florida
Corderitos,Corderito (preescolar),preescolar,Asociación de Florida,https://www.guiasmayores.com/especialidades-de-corderitos.html,https://www.guiasmayores.com/uploads/1/1/3/1/1131412/fl-corderitos.pdf,https://www.guiasmayores.com/uploads/1/1/3/1/1131412/8933185.gif,Sección regional: Asociación de Florida
Cuidarme,Corderito (preescolar),preescolar,Asociación de Florida,https://www.guiasmayores.com/especialidades-de-corderitos.html,https://www.guiasmayores.com/uploads/1/1/3/1/1131412/fl-cuidarme.pdf,https://www.guiasmayores.com/uploads/1/1/3/1/1131412/9300270.png,Sección regional: Asociación de Florida
Granjas,Corderito (preescolar),preescolar,Asociación de Florida,https://www.guiasmayores.com/especialidades-de-corderitos.html,https://www.guiasmayores.com/uploads/1/1/3/1/1131412/fl-granjas.pdf,https://www.guiasmayores.com/uploads/1/1/3/1/1131412/933473.png,Sección regional: Asociación de Florida
Hojas,Corderito (preescolar),preescolar,Asociación de Florida,https://www.guiasmayores.com/especialidades-de-corderitos.html,https://www.guiasmayores.com/uploads/1/1/3/1/1131412/estrellita-fl_hojas.pdf,https://www.guiasmayores.com/uploads/1/1/3/1/1131412/2564070.png,Sección regional: Asociación de Florida
Indígenas,Corderito (preescolar),preescolar,Asociación de Florida,https://www.guiasmayores.com/especialidades-de-corderitos.html,https://www.guiasmayores.com/uploads/1/1/3/1/1131412/estrellita-fl_indígenas.pdf,https://www.guiasmayores.com/uploads/1/1/3/1/1131412/6373924.png,Sección regional: Asociación de Florida
Insectos,Corderito (preescolar),preescolar,Asociación de Florida,https://www.guiasmayores.com/especialidades-de-corderitos.html,https://www.guiasmayores.com/uploads/1/1/3/1/1131412/estrellita-fl_insectos.pdf,https://www.guiasmayores.com/uploads/1/1/3/1/1131412/7089573.gif?132,Sección regional: Asociación de Florida
Mascotas,Corderito (preescolar),preescolar,Asociación de Florida,https://www.guiasmayores.com/especialidades-de-corderitos.html,https://www.guiasmayores.com/uploads/1/1/3/1/1131412/estrellita-fl_mascotas.pdf,https://www.guiasmayores.com/uploads/1/1/3/1/1131412/6093080.png,Sección regional: Asociación de Florida
Niños grandes,Corderito (preescolar),preescolar,Asociación de Florida,https://www.guiasmayores.com/especialidades-de-corderitos.html,https://www.guiasmayores.com/uploads/1/1/3/1/1131412/fl_-_niños_grandes.pdf,https://www.guiasmayores.com/uploads/1/1/3/1/1131412/5744964.png,Sección regional: Asociación de Florida
Oraciones,Corderito (preescolar),preescolar,Asociación de Florida,https://www.guiasmayores.com/especialidades-de-corderitos.html,https://www.guiasmayores.com/uploads/1/1/3/1/1131412/estrellita-fl_oraciones.pdf,https://www.guiasmayores.com/uploads/1/1/3/1/1131412/4307453.png?124,Sección regional: Asociación de Florida
Saltar,Corderito (preescolar),preescolar,Asociación de Florida,https://www.guiasmayores.com/especialidades-de-corderitos.html,https://www.guiasmayores.com/uploads/1/1/3/1/1131412/estrellita-fl_saltar.pdf,https://www.guiasmayores.com/uploads/1/1/3/1/1131412/5054897.png,Sección regional: Asociación de Florida
Seguridad,Corderito (preescolar),preescolar,Asociación de Florida,https://www.guiasmayores.com/especialidades-de-corderitos.html,https://www.guiasmayores.com/uploads/1/1/3/1/1131412/estrellita-fl_seguridad.pdf,https://www.guiasmayores.com/uploads/1/1/3/1/1131412/6504524.png?132,Sección regional: Asociación de Florida
Semillas,Corderito (preescolar),preescolar,Asociación de Florida,https://www.guiasmayores.com/especialidades-de-corderitos.html,https://www.guiasmayores.com/uploads/1/1/3/1/1131412/estrellita-fl_semillas.pdf,https://www.guiasmayores.com/uploads/1/1/3/1/1131412/2727861.png,Sección regional: Asociación de Florida
Tareas,Corderito (preescolar),preescolar,Asociación de Florida,https://www.guiasmayores.com/especialidades-de-corderitos.html,https://www.guiasmayores.com/uploads/1/1/3/1/1131412/estrellita-fl_tareas.pdf,https://www.guiasmayores.com/uploads/1/1/3/1/1131412/3495560.png?131,Sección regional: Asociación de Florida
Títeres,Corderito (preescolar),preescolar,Asociación de Florida,https://www.guiasmayores.com/especialidades-de-corderitos.html,https://www.guiasmayores.com/uploads/1/1/3/1/1131412/estrellita-fl_títeres.pdf,https://www.guiasmayores.com/uploads/1/1/3/1/1131412/4995108.png?131,Sección regional: Asociación de Florida
Usar los dedos,Corderito (preescolar),preescolar,Asociación de Florida,https://www.guiasmayores.com/especialidades-de-corderitos.html,https://www.guiasmayores.com/uploads/1/1/3/1/1131412/fl_-_usar_los_dedos.pdf,https://www.guiasmayores.com/uploads/1/1/3/1/1131412/4579021.gif,Sección regional: Asociación de Florida
Viajar,Corderito (preescolar),preescolar,Asociación de Florida,https://www.guiasmayores.com/especialidades-de-corderitos.html,https://www.guiasmayores.com/uploads/1/1/3/1/1131412/estrellita-fl_viajes.pdf,https://www.guiasmayores.com/uploads/1/1/3/1/1131412/6094707.png,Sección regional: Asociación de Florida
El zoológico,Corderito (preescolar),preescolar,Asociación de Florida,https://www.guiasmayores.com/especialidades-de-corderitos.html,https://www.guiasmayores.com/uploads/1/1/3/1/1131412/estrellita-fl_el_zoológico.pdf,https://www.guiasmayores.com/uploads/1/1/3/1/1131412/2589252.png,Sección regional: Asociación de Florida
Castores,Castorcito (jardín de infantes),jardin,División Norteamericana,https://www.guiasmayores.com/especialidades-de-castorcitos.html,https://www.guiasmayores.com/uploads/1/1/3/1/1131412/dna-castorcitos.pdf,https://www.guiasmayores.com/uploads/1/1/3/1/1131412/castores_orig.png,Sección regional: División Norteamericana
La cena especial de Jesús,Castorcito (jardín de infantes),jardin,División Norteamericana,https://www.guiasmayores.com/especialidades-de-castorcitos.html,https://www.guiasmayores.com/uploads/1/1/3/1/1131412/dna_-_la_cena_especial_de_jesús.pdf,https://www.guiasmayores.com/uploads/1/1/3/1/1131412/cena-especial_orig.png,Sección regional: División Norteamericana
Corazones agradecidos,Castorcito (jardín de infantes),jardin,División Norteamericana,https://www.guiasmayores.com/especialidades-de-castorcitos.html,https://www.guiasmayores.com/uploads/1/1/3/1/1131412/dna_-_corazones_agradecidos.pdf,https://www.guiasmayores.com/uploads/1/1/3/1/1131412/corazones-agradecidos_orig.png,Sección regional: División Norteamericana
Diversión con sellos,Castorcito (jardín de infantes),jardin,División Norteamericana,https://www.guiasmayores.com/especialidades-de-castorcitos.html,https://www.guiasmayores.com/uploads/1/1/3/1/1131412/dna-diversión_con_sellos.pdf,https://www.guiasmayores.com/uploads/1/1/3/1/1131412/diversi-n-con-sellos_orig.png,Sección regional: División Norteamericana
Jugando con amigos,Castorcito (jardín de infantes),jardin,División Norteamericana,https://www.guiasmayores.com/especialidades-de-castorcitos.html,https://www.guiasmayores.com/uploads/1/1/3/1/1131412/dna-jugar_con_amigos.pdf,https://www.guiasmayores.com/uploads/1/1/3/1/1131412/jugando-con-amigos_orig.png,Sección regional: División Norteamericana
Su Palabra,Castorcito (jardín de infantes),jardin,División Norteamericana,https://www.guiasmayores.com/especialidades-de-castorcitos.html,https://www.guiasmayores.com/uploads/1/1/3/1/1131412/dna-su_palabra.pdf,https://www.guiasmayores.com/uploads/1/1/3/1/1131412/su-palabra_orig.png,Sección regional: División Norteamericana
Amigos,Castorcito (jardín de infantes),jardin,División Sudamericana,https://www.guiasmayores.com/especialidades-de-castorcitos.html,https://www.guiasmayores.com/uploads/1/1/3/1/1131412/dsa-amigos.pdf,https://www.guiasmayores.com/uploads/1/1/3/1/1131412/7535146_orig.png,Sección regional: División Sudamericana
Ciclismo II,Castorcito (jardín de infantes),jardin,División Sudamericana,https://www.guiasmayores.com/especialidades-de-castorcitos.html,https://www.guiasmayores.com/uploads/1/1/3/1/1131412/dsa-ciclismo_ii.pdf,https://www.guiasmayores.com/uploads/1/1/3/1/1131412/4731490.png,Sección regional: División Sudamericana
Higiene,Castorcito (jardín de infantes),jardin,División Sudamericana,https://www.guiasmayores.com/especialidades-de-castorcitos.html,https://www.guiasmayores.com/uploads/1/1/3/1/1131412/dsa-higiene.pdf,https://www.guiasmayores.com/uploads/1/1/3/1/1131412/6990587.png,Sección regional: División Sudamericana
Hojas,Castorcito (jardín de infantes),jardin,División Sudamericana,https://www.guiasmayores.com/especialidades-de-castorcitos.html,https://www.guiasmayores.com/uploads/1/1/3/1/1131412/dsa-hojas.pdf,https://www.guiasmayores.com/uploads/1/1/3/1/1131412/65169.png,Sección regional: División Sudamericana
Jardineritos,Castorcito (jardín de infantes),jardin,División Sudamericana,https://www.guiasmayores.com/especialidades-de-castorcitos.html,https://www.guiasmayores.com/uploads/1/1/3/1/1131412/dsa-jardineritos.pdf,https://www.guiasmayores.com/uploads/1/1/3/1/1131412/599658.png,Sección regional: División Sudamericana
Panadería,Castorcito (jardín de infantes),jardin,División Sudamericana,https://www.guiasmayores.com/especialidades-de-castorcitos.html,https://www.guiasmayores.com/uploads/1/1/3/1/1131412/dsa-panadería.pdf,https://www.guiasmayores.com/uploads/1/1/3/1/1131412/828448.png,Sección regional: División Sudamericana
Koala,Castorcito (jardín de infantes),jardin,Unión Australiana,https://www.guiasmayores.com/especialidades-de-castorcitos.html,https://www.guiasmayores.com/uploads/1/1/3/1/1131412/aus-koala.pdf,https://www.guiasmayores.com/uploads/1/1/3/1/1131412/koala_orig.png,Sección regional: Unión Australiana
Recaudación de fondos para ADRA,Castorcito (jardín de infantes),jardin,Unión Británica,https://www.guiasmayores.com/especialidades-de-castorcitos.html,https://www.guiasmayores.com/uploads/1/1/3/1/1131412/ub_-_recaudación_de_fondos_para_adra__ficha_.pdf,https://www.guiasmayores.com/uploads/1/1/3/1/1131412/adra-ficha_orig.png,Sección regional: Unión Británica
Agradecimiento,Castorcito (jardín de infantes),jardin,Asociación de Florida,https://www.guiasmayores.com/especialidades-de-castorcitos.html,https://www.guiasmayores.com/uploads/1/1/3/1/1131412/fl-agradecimiento.pdf,https://www.guiasmayores.com/uploads/1/1/3/1/1131412/9396330.png,Sección regional: Asociación de Florida
Árboles,Castorcito (jardín de infantes),jardin,Asociación de Florida,https://www.guiasmayores.com/especialidades-de-castorcitos.html,https://www.guiasmayores.com/uploads/1/1/3/1/1131412/fl-Árboles.pdf,https://www.guiasmayores.com/uploads/1/1/3/1/1131412/91748.png,Sección regional: Asociación de Florida
El arca de Noé,Castorcito (jardín de infantes),jardin,Asociación de Florida,https://www.guiasmayores.com/especialidades-de-castorcitos.html,https://www.guiasmayores.com/uploads/1/1/3/1/1131412/fl-el_arca_de_noé.pdf,https://www.guiasmayores.com/uploads/1/1/3/1/1131412/5045612.png,Sección regional: Asociación de Florida
Arte con cartón de leche,Castorcito (jardín de infantes),jardin,Asociación de Florida,https://www.guiasmayores.com/especialidades-de-castorcitos.html,https://www.guiasmayores.com/uploads/1/1/3/1/1131412/fl-arte_con_cartón_de_leche.pdf,https://www.guiasmayores.com/uploads/1/1/3/1/1131412/3584458.png,Sección regional: Asociación de Florida
Biblia del castorcito,Castorcito (jardín de infantes),jardin,Asociación de Florida,https://www.guiasmayores.com/especialidades-de-castorcitos.html,https://www.guiasmayores.com/uploads/1/1/3/1/1131412/fl-biblia_del_castorcito.pdf,https://www.guiasmayores.com/uploads/1/1/3/1/1131412/7377446.png,Sección regional: Asociación de Florida
Camiones,Castorcito (jardín de infantes),jardin,Asociación de Florida,https://www.guiasmayores.com/especialidades-de-castorcitos.html,https://www.guiasmayores.com/uploads/1/1/3/1/1131412/fl-camiones.pdf,https://www.guiasmayores.com/uploads/1/1/3/1/1131412/4245938.png,Sección regional: Asociación de Florida
Castores,Castorcito (jardín de infantes),jardin,Asociación de Florida,https://www.guiasmayores.com/especialidades-de-castorcitos.html,https://www.guiasmayores.com/uploads/1/1/3/1/1131412/fl-castores.pdf,https://www.guiasmayores.com/uploads/1/1/3/1/1131412/889132.png,Sección regional: Asociación de Florida
Collage,Castorcito (jardín de infantes),jardin,Asociación de Florida,https://www.guiasmayores.com/especialidades-de-castorcitos.html,https://www.guiasmayores.com/uploads/1/1/3/1/1131412/fl-collage.pdf,https://www.guiasmayores.com/uploads/1/1/3/1/1131412/4026980.png,Sección regional: Asociación de Florida
Color favorito,Castorcito (jardín de infantes),jardin,Asociación de Florida,https://www.guiasmayores.com/especialidades-de-castorcitos.html,https://www.guiasmayores.com/uploads/1/1/3/1/1131412/fl-color_favorito.pdf,https://www.guiasmayores.com/uploads/1/1/3/1/1131412/1821349.png,Sección regional: Asociación de Florida
Comida saludable,Castorcito (jardín de infantes),jardin,Asociación de Florida,https://www.guiasmayores.com/especialidades-de-castorcitos.html,https://www.guiasmayores.com/uploads/1/1/3/1/1131412/fl-comida_saludable.pdf,https://www.guiasmayores.com/uploads/1/1/3/1/1131412/7817904.png,Sección regional: Asociación de Florida
Cosas que crecen,Castorcito (jardín de infantes),jardin,Asociación de Florida,https://www.guiasmayores.com/especialidades-de-castorcitos.html,https://www.guiasmayores.com/uploads/1/1/3/1/1131412/fl-cosas_que_crecen.pdf,https://www.guiasmayores.com/uploads/1/1/3/1/1131412/6799887.png,Sección regional: Asociación de Florida
Diezmo,Castorcito (jardín de infantes),jardin,Asociación de Florida,https://www.guiasmayores.com/especialidades-de-castorcitos.html,https://www.guiasmayores.com/uploads/1/1/3/1/1131412/fl-el_diezmo.pdf,https://www.guiasmayores.com/uploads/1/1/3/1/1131412/9080342.png,Sección regional: Asociación de Florida
Emergencia,Castorcito (jardín de infantes),jardin,Asociación de Florida,https://www.guiasmayores.com/especialidades-de-castorcitos.html,https://www.guiasmayores.com/uploads/1/1/3/1/1131412/fl-emergencia.pdf,https://www.guiasmayores.com/uploads/1/1/3/1/1131412/1286516.png,Sección regional: Asociación de Florida
En la granja,Castorcito (jardín de infantes),jardin,Asociación de Florida,https://www.guiasmayores.com/especialidades-de-castorcitos.html,https://www.guiasmayores.com/uploads/1/1/3/1/1131412/fl-en_la_granja.pdf,https://www.guiasmayores.com/uploads/1/1/3/1/1131412/14665.png,Sección regional: Asociación de Florida
La familia especial de Dios,Castorcito (jardín de infantes),jardin,Asociación de Florida,https://www.guiasmayores.com/especialidades-de-castorcitos.html,https://www.guiasmayores.com/uploads/1/1/3/1/1131412/fl-la_familia_especial_de_dios.pdf,https://www.guiasmayores.com/uploads/1/1/3/1/1131412/9476980.png,Sección regional: Asociación de Florida
Lo físico,Castorcito (jardín de infantes),jardin,Asociación de Florida,https://www.guiasmayores.com/especialidades-de-castorcitos.html,https://www.guiasmayores.com/uploads/1/1/3/1/1131412/fl-lo_físico.pdf,https://www.guiasmayores.com/uploads/1/1/3/1/1131412/2896644.png,Sección regional: Asociación de Florida
Historias de la Biblia,Castorcito (jardín de infantes),jardin,Asociación de Florida,https://www.guiasmayores.com/especialidades-de-castorcitos.html,https://www.guiasmayores.com/uploads/1/1/3/1/1131412/fl-historias_de_la_biblia.pdf,https://www.guiasmayores.com/uploads/1/1/3/1/1131412/8091270.png,Sección regional: Asociación de Florida
Insectos,Castorcito (jardín de infantes),jardin,Asociación de Florida,https://www.guiasmayores.com/especialidades-de-castorcitos.html,https://www.guiasmayores.com/uploads/1/1/3/1/1131412/fl-insectos.pdf,https://www.guiasmayores.com/uploads/1/1/3/1/1131412/4339536.png,Sección regional: Asociación de Florida
Inspector de la naturaleza,Castorcito (jardín de infantes),jardin,Asociación de Florida,https://www.guiasmayores.com/especialidades-de-castorcitos.html,https://www.guiasmayores.com/uploads/1/1/3/1/1131412/fl-inspector_de_la_naturaleza.pdf,https://www.guiasmayores.com/uploads/1/1/3/1/1131412/9513051.png,Sección regional: Asociación de Florida
Jesús me ama,Castorcito (jardín de infantes),jardin,Asociación de Florida,https://www.guiasmayores.com/especialidades-de-castorcitos.html,https://www.guiasmayores.com/uploads/1/1/3/1/1131412/fl-jesús_me_ama.pdf,https://www.guiasmayores.com/uploads/1/1/3/1/1131412/8129565.png,Sección regional: Asociación de Florida
Madres,Castorcito (jardín de infantes),jardin,Asociación de Florida,https://www.guiasmayores.com/especialidades-de-castorcitos.html,https://www.guiasmayores.com/uploads/1/1/3/1/1131412/fl-madres.pdf,https://www.guiasmayores.com/uploads/1/1/3/1/1131412/3316375.png,Sección regional: Asociación de Florida
Me encanta mi hogar,Castorcito (jardín de infantes),jardin,Asociación de Florida,https://www.guiasmayores.com/especialidades-de-castorcitos.html,https://www.guiasmayores.com/uploads/1/1/3/1/1131412/fl-me_encanta_mi_hogar.pdf,https://www.guiasmayores.com/uploads/1/1/3/1/1131412/9111101.png,Sección regional: Asociación de Florida
Mi comida favorita,Castorcito (jardín de infantes),jardin,Asociación de Florida,https://www.guiasmayores.com/especialidades-de-castorcitos.html,https://www.guiasmayores.com/uploads/1/1/3/1/1131412/fl-mi_comida_favorita.pdf,https://www.guiasmayores.com/uploads/1/1/3/1/1131412/4087968.png,Sección regional: Asociación de Florida
Monedas sucias,Castorcito (jardín de infantes),jardin,Asociación de Florida,https://www.guiasmayores.com/especialidades-de-castorcitos.html,https://www.guiasmayores.com/uploads/1/1/3/1/1131412/fl-monedas_sucias.pdf,https://www.guiasmayores.com/uploads/1/1/3/1/1131412/2133779.png,Sección regional: Asociación de Florida
Nacimiento de Jesús,Castorcito (jardín de infantes),jardin,Asociación de Florida,https://www.guiasmayores.com/especialidades-de-castorcitos.html,https://www.guiasmayores.com/uploads/1/1/3/1/1131412/fl-nacimiento_de_jesús.pdf,https://www.guiasmayores.com/uploads/1/1/3/1/1131412/6987251.png?101,Sección regional: Asociación de Florida
Nuestros amigos los pájaros,Castorcito (jardín de infantes),jardin,Asociación de Florida,https://www.guiasmayores.com/especialidades-de-castorcitos.html,https://www.guiasmayores.com/uploads/1/1/3/1/1131412/fl-nuestros_amigos_los_pájaros.pdf,https://www.guiasmayores.com/uploads/1/1/3/1/1131412/3160309.png,Sección regional: Asociación de Florida
Peligro,Castorcito (jardín de infantes),jardin,Asociación de Florida,https://www.guiasmayores.com/especialidades-de-castorcitos.html,https://www.guiasmayores.com/uploads/1/1/3/1/1131412/fl-peligro.pdf,https://www.guiasmayores.com/uploads/1/1/3/1/1131412/7588252.png,Sección regional: Asociación de Florida
Pequeño músico,Castorcito (jardín de infantes),jardin,Asociación de Florida,https://www.guiasmayores.com/especialidades-de-castorcitos.html,https://www.guiasmayores.com/uploads/1/1/3/1/1131412/fl-pequeño_músico.pdf,https://www.guiasmayores.com/uploads/1/1/3/1/1131412/249433.png,Sección regional: Asociación de Florida
Pescador de hombres,Castorcito (jardín de infantes),jardin,Asociación de Florida,https://www.guiasmayores.com/especialidades-de-castorcitos.html,https://www.guiasmayores.com/uploads/1/1/3/1/1131412/fl-pescador_de_hombres.pdf,https://www.guiasmayores.com/uploads/1/1/3/1/1131412/7531534.png,Sección regional: Asociación de Florida
Pinta tu mundo,Castorcito (jardín de infantes),jardin,Asociación de Florida,https://www.guiasmayores.com/especialidades-de-castorcitos.html,https://www.guiasmayores.com/uploads/1/1/3/1/1131412/fl-pinta_tu_mundo.pdf,https://www.guiasmayores.com/uploads/1/1/3/1/1131412/3623477.png,Sección regional: Asociación de Florida
Reciclaje,Castorcito (jardín de infantes),jardin,Asociación de Florida,https://www.guiasmayores.com/especialidades-de-castorcitos.html,https://www.guiasmayores.com/uploads/1/1/3/1/1131412/fl-reciclaje.pdf,https://www.guiasmayores.com/uploads/1/1/3/1/1131412/6153923.png,Sección regional: Asociación de Florida
El regalo de Dios,Castorcito (jardín de infantes),jardin,Asociación de Florida,https://www.guiasmayores.com/especialidades-de-castorcitos.html,https://www.guiasmayores.com/uploads/1/1/3/1/1131412/fl-el_regalo_de_dios.pdf,https://www.guiasmayores.com/uploads/1/1/3/1/1131412/8988201.png,Sección regional: Asociación de Florida
Regla de oro,Castorcito (jardín de infantes),jardin,Asociación de Florida,https://www.guiasmayores.com/especialidades-de-castorcitos.html,https://www.guiasmayores.com/uploads/1/1/3/1/1131412/fl-regla_de_oro.pdf,https://www.guiasmayores.com/uploads/1/1/3/1/1131412/8670439.png,Sección regional: Asociación de Florida
Rocas y piedras,Castorcito (jardín de infantes),jardin,Asociación de Florida,https://www.guiasmayores.com/especialidades-de-castorcitos.html,https://www.guiasmayores.com/uploads/1/1/3/1/1131412/fl-rocas_y_piedras.pdf,https://www.guiasmayores.com/uploads/1/1/3/1/1131412/6757183.png,Sección regional: Asociación de Florida
Seguridad en la piscina,Castorcito (jardín de infantes),jardin,Asociación de Florida,https://www.guiasmayores.com/especialidades-de-castorcitos.html,https://www.guiasmayores.com/uploads/1/1/3/1/1131412/fl-seguridad_en_la_piscina.pdf,https://www.guiasmayores.com/uploads/1/1/3/1/1131412/6207380.png,Sección regional: Asociación de Florida
Soy especial,Castorcito (jardín de infantes),jardin,Asociación de Florida,https://www.guiasmayores.com/especialidades-de-castorcitos.html,https://www.guiasmayores.com/uploads/1/1/3/1/1131412/fl-soy_especial.pdf,https://www.guiasmayores.com/uploads/1/1/3/1/1131412/9781342.png,Sección regional: Asociación de Florida
Venados,Castorcito (jardín de infantes),jardin,Asociación de Florida,https://www.guiasmayores.com/especialidades-de-castorcitos.html,https://www.guiasmayores.com/uploads/1/1/3/1/1131412/fl-venados.pdf,https://www.guiasmayores.com/uploads/1/1/3/1/1131412/6694690.png,Sección regional: Asociación de Florida
Viajes al oeste,Castorcito (jardín de infantes),jardin,Asociación de Florida,https://www.guiasmayores.com/especialidades-de-castorcitos.html,https://www.guiasmayores.com/uploads/1/1/3/1/1131412/fl-viajes_al_oeste.pdf,https://www.guiasmayores.com/uploads/1/1/3/1/1131412/613822.png,Sección regional: Asociación de Florida
Clima (División del Pacífico Sur),Multinivel,multinivel,Multinivel,https://www.guiasmayores.com/especialidades---multinivel.html,https://www.guiasmayores.com/uploads/1/1/3/1/1131412/dps_-_clima.pdf,https://www.guiasmayores.com/uploads/1/1/3/1/1131412/428495_orig.png,Título con marcador regional explícito
LEGO (División Norteamericana),Multinivel,multinivel,Multinivel,https://www.guiasmayores.com/especialidades---multinivel.html,https://www.guiasmayores.com/uploads/1/1/3/1/1131412/av_-_lego.pdf,https://www.guiasmayores.com/uploads/1/1/3/1/1131412/lego-dna_orig.png,Título con marcador regional explícito
Niños de la Biblia (División Norteamericana),Multinivel,multinivel,Multinivel,https://www.guiasmayores.com/especialidades---multinivel.html,https://www.guiasmayores.com/uploads/1/1/3/1/1131412/dna_-_niños_de_la_biblia.pdf,https://www.guiasmayores.com/uploads/1/1/3/1/1131412/ni-os-de-la-biblia_orig.png,Título con marcador regional explícito
Niños de la Biblia (División del Pacífico Sur),Multinivel,multinivel,Multinivel,https://www.guiasmayores.com/especialidades---multinivel.html,https://www.guiasmayores.com/uploads/1/1/3/1/1131412/dps_-_niños_de_la_biblia.pdf,https://www.guiasmayores.com/uploads/1/1/3/1/1131412/4107565_orig.png,Título con marcador regional explícito
